{"cameraMode":{"drawMode":0,"name":"Shaded","section":"Shading Mode"},"sceneLighting":false,"audioPlay":false,"sceneViewState":{"showFog":false,"showMaterialUpdate":false,"showSkybox":false,"showFlares":false,"showImageEffects":false,"showParticleSystems":false},"in2DMode":false,"pivot":{"x":0.24500000476837159,"y":0.18639999628067017,"z":-0.04159998893737793},"rotation":{"x":-0.1827562302350998,"y":-0.08630356192588806,"z":0.016115710139274598,"w":-0.9792934060096741},"size":10.0,"orthographic":false}