{"cameraMode":{"drawMode":0,"name":"Shaded","section":"Shading Mode"},"sceneLighting":false,"audioPlay":false,"sceneViewState":{"showFog":true,"showMaterialUpdate":false,"showSkybox":true,"showFlares":true,"showImageEffects":true,"showParticleSystems":true},"in2DMode":false,"pivot":{"x":0.09495418518781662,"y":0.12170078605413437,"z":0.00691803777590394},"rotation":{"x":0.09280650317668915,"y":-0.03583705425262451,"z":0.0033418401144444944,"w":0.9950405955314636},"size":0.027892649173736573,"orthographic":false}