{"cameraMode":{"drawMode":0,"name":"Shaded","section":"Shading Mode"},"sceneLighting":false,"audioPlay":false,"sceneViewState":{"showFog":false,"showMaterialUpdate":false,"showSkybox":false,"showFlares":false,"showImageEffects":false,"showParticleSystems":false},"in2DMode":false,"pivot":{"x":0.1982753425836563,"y":-0.06644590198993683,"z":0.4718872010707855},"rotation":{"x":0.11265411972999573,"y":0.13814984261989594,"z":-0.01580054871737957,"w":0.98389732837677},"size":0.03193533793091774,"orthographic":false}