{"cameraMode":{"drawMode":0,"name":"Shaded","section":"Shading Mode"},"sceneLighting":false,"audioPlay":false,"sceneViewState":{"showFog":false,"showMaterialUpdate":false,"showSkybox":false,"showFlares":false,"showImageEffects":false,"showParticleSystems":false},"in2DMode":false,"pivot":{"x":0.15216653048992158,"y":-0.029175162315368654,"z":0.19633692502975465},"rotation":{"x":-0.21135751903057099,"y":0.021103471517562867,"z":-0.004592969082295895,"w":-0.9772428274154663},"size":0.341901570558548,"orthographic":false}