{"cameraMode":{"drawMode":0,"name":"Shaded","section":"Shading Mode"},"sceneLighting":false,"audioPlay":false,"sceneViewState":{"showFog":true,"showMaterialUpdate":false,"showSkybox":true,"showFlares":true,"showImageEffects":true,"showParticleSystems":true},"in2DMode":false,"pivot":{"x":0.11000080406665802,"y":0.13393503427505494,"z":0.00800000037997961},"rotation":{"x":0.1472747027873993,"y":-0.0947985053062439,"z":0.01418150682002306,"w":0.9844479560852051},"size":0.01078267116099596,"orthographic":false}