{"cameraMode":{"drawMode":0,"name":"Shaded","section":"Shading Mode"},"sceneLighting":false,"audioPlay":false,"sceneViewState":{"showFog":false,"showMaterialUpdate":false,"showSkybox":false,"showFlares":false,"showImageEffects":false,"showParticleSystems":false},"in2DMode":false,"pivot":{"x":-0.3665274381637573,"y":0.7935869693756104,"z":-1.0081366300582886},"rotation":{"x":-0.00717509351670742,"y":-0.9925245642662048,"z":0.09858311712741852,"w":-0.07247927784919739},"size":4.286762714385986,"orthographic":false}