{"cameraMode":{"drawMode":0,"name":"Shaded","section":"Shading Mode"},"sceneLighting":false,"audioPlay":false,"sceneViewState":{"showFog":false,"showMaterialUpdate":false,"showSkybox":false,"showFlares":false,"showImageEffects":false,"showParticleSystems":false},"in2DMode":false,"pivot":{"x":0.07306820154190064,"y":0.07649993896484375,"z":0.001750000286847353},"rotation":{"x":0.1092735007405281,"y":-0.01341945119202137,"z":0.001496043405495584,"w":0.9939531087875366},"size":0.0724642276763916,"orthographic":false}