{"cameraMode":{"drawMode":0,"name":"Shaded","section":"Shading Mode"},"sceneLighting":false,"audioPlay":false,"sceneViewState":{"showFog":false,"showMaterialUpdate":false,"showSkybox":false,"showFlares":false,"showImageEffects":false,"showParticleSystems":false},"in2DMode":false,"pivot":{"x":-0.06493180990219116,"y":0.127999946475029,"z":0.007499999832361937},"rotation":{"x":0.1092735007405281,"y":-0.01341945119202137,"z":0.001496043405495584,"w":0.9939531087875366},"size":0.02007446438074112,"orthographic":false}